"Name","File","Hash","RecOff","OffKnock","OffKnockPlayer"
"activatehivequeencharged","data/bundles/region_00/lm_level_00/lm_level_00_tgl.smb","12ADE690","91904","92068","92072"
"immobilizespiderbolaextendermedium","data/bundles/region_00/lm_level_00/lm_level_00_tgl.smb","13349037","92507","92671","92675"
"immobilizesparkstunkz","data/bundles/region_00/lm_level_00/lm_level_00_tgl.smb","199D023C","105779","105943","105947"
"damagedynamite","data/bundles/region_00/lm_level_00/lm_level_00_tgl.smb","1B2A36F7","106690","106854","106858"
"punch","data/bundles/region_00/lm_level_00/lm_level_00_tgl.smb","1BD366E4","107560","107724","107728"
"trapfuzzleloader","data/bundles/region_00/lm_level_00/lm_level_00_tgl.smb","1C451DE6","108471","108635","108639"
"damageboombatqueen","data/bundles/region_00/lm_level_00/lm_level_00_tgl.smb","2593D7E2","111353","111517","111521"
"trapfuzzlerabidjump","data/bundles/region_00/lm_level_00/lm_level_00_tgl.smb","2ACA2B15","113818","113982","113986"
"sniperdart","data/bundles/region_00/lm_level_00/lm_level_00_tgl.smb","2B365C4D","114512","114676","114680"
"immobilizeskunkbombextender","data/bundles/region_00/lm_level_00/lm_level_00_tgl.smb","316C1E5E","119164","119328","119332"
"trapfuzzlejump","data/bundles/region_00/lm_level_00/lm_level_00_tgl.smb","4883CEE4","131063","131227","131231"
"damagedynamiteextenderloader","data/bundles/region_00/lm_level_00/lm_level_00_tgl.smb","56F3F96B","137377","137541","137545"
"immobilizebolablast","data/bundles/region_00/lm_level_00/lm_level_00_tgl.smb","7309C2DC","160394","160558","160562"
"activatehivequeen","data/bundles/region_00/lm_level_00/lm_level_00_tgl.smb","8372BA80","170413","170577","170581"
"sendtohowlerpunk","data/bundles/region_00/lm_level_00/lm_level_00_tgl.smb","87B60D14","173173","173337","173341"
"damagearmadilloloader","data/bundles/region_00/lm_level_00/lm_level_00_tgl.smb","9908C9FE","185251","185415","185419"
"damagestingbee","data/bundles/region_00/lm_level_00/lm_level_00_tgl.smb","9D2CD827","188349","188513","188517"
"immobilizespiderbolaextendersmall","data/bundles/region_00/lm_level_00/lm_level_00_tgl.smb","A80AE619","194323","194487","194491"
"trapfuzzlerabid","data/bundles/region_00/lm_level_00/lm_level_00_tgl.smb","A8DE80EE","195301","195465","195469"
"damagebeegun","data/bundles/region_00/lm_level_00/lm_level_00_tgl.smb","ADF7DEE1","197957","198121","198125"
"sendtochipmunkextender","data/bundles/region_00/lm_level_00/lm_level_00_tgl.smb","B370E9CA","203674","203838","203842"
"damageriotslug","data/bundles/region_00/lm_level_00/lm_level_00_tgl.smb","C4840A58","212817","212981","212985"
"damagearmadilloloaderextender","data/bundles/region_00/lm_level_00/lm_level_00_tgl.smb","E27EE3FE","231303","231467","231471"
"trapfuzzleloaderextender","data/bundles/region_00/lm_level_00/lm_level_00_tgl.smb","E29179A6","231962","232126","232130"
"damagedynamiteextender","data/bundles/region_00/lm_level_00/lm_level_00_tgl.smb","E675A21B","233855","234019","234023"
"damagebeegunextendersmall","data/bundles/region_00/lm_level_00/lm_level_00_tgl.smb","F06F5DBA","241099","241263","241267"
"activatehivequeencharged","data/bundles/region_00/lm_level_00_blockmap.smh","12ADE690","91916","92080","92084"
"immobilizespiderbolaextendermedium","data/bundles/region_00/lm_level_00_blockmap.smh","13349037","92519","92683","92687"
"immobilizesparkstunkz","data/bundles/region_00/lm_level_00_blockmap.smh","199D023C","105791","105955","105959"
"damagedynamite","data/bundles/region_00/lm_level_00_blockmap.smh","1B2A36F7","106702","106866","106870"
"punch","data/bundles/region_00/lm_level_00_blockmap.smh","1BD366E4","107572","107736","107740"
"trapfuzzleloader","data/bundles/region_00/lm_level_00_blockmap.smh","1C451DE6","108483","108647","108651"
"damageboombatqueen","data/bundles/region_00/lm_level_00_blockmap.smh","2593D7E2","111365","111529","111533"
"trapfuzzlerabidjump","data/bundles/region_00/lm_level_00_blockmap.smh","2ACA2B15","113830","113994","113998"
"sniperdart","data/bundles/region_00/lm_level_00_blockmap.smh","2B365C4D","114524","114688","114692"
"immobilizeskunkbombextender","data/bundles/region_00/lm_level_00_blockmap.smh","316C1E5E","119176","119340","119344"
"trapfuzzlejump","data/bundles/region_00/lm_level_00_blockmap.smh","4883CEE4","131075","131239","131243"
"damagedynamiteextenderloader","data/bundles/region_00/lm_level_00_blockmap.smh","56F3F96B","137389","137553","137557"
"immobilizebolablast","data/bundles/region_00/lm_level_00_blockmap.smh","7309C2DC","160406","160570","160574"
"activatehivequeen","data/bundles/region_00/lm_level_00_blockmap.smh","8372BA80","170425","170589","170593"
"sendtohowlerpunk","data/bundles/region_00/lm_level_00_blockmap.smh","87B60D14","173185","173349","173353"
"damagearmadilloloader","data/bundles/region_00/lm_level_00_blockmap.smh","9908C9FE","185263","185427","185431"
"damagestingbee","data/bundles/region_00/lm_level_00_blockmap.smh","9D2CD827","188361","188525","188529"
"immobilizespiderbolaextendersmall","data/bundles/region_00/lm_level_00_blockmap.smh","A80AE619","194335","194499","194503"
"trapfuzzlerabid","data/bundles/region_00/lm_level_00_blockmap.smh","A8DE80EE","195313","195477","195481"
"damagebeegun","data/bundles/region_00/lm_level_00_blockmap.smh","ADF7DEE1","197969","198133","198137"
"sendtochipmunkextender","data/bundles/region_00/lm_level_00_blockmap.smh","B370E9CA","203686","203850","203854"
"damageriotslug","data/bundles/region_00/lm_level_00_blockmap.smh","C4840A58","212829","212993","212997"
"damagearmadilloloaderextender","data/bundles/region_00/lm_level_00_blockmap.smh","E27EE3FE","231315","231479","231483"
"trapfuzzleloaderextender","data/bundles/region_00/lm_level_00_blockmap.smh","E29179A6","231974","232138","232142"
"damagedynamiteextender","data/bundles/region_00/lm_level_00_blockmap.smh","E675A21B","233867","234031","234035"
"damagebeegunextendersmall","data/bundles/region_00/lm_level_00_blockmap.smh","F06F5DBA","241111","241275","241279"
"activatehivequeencharged","data/bundles/region_01/lm_level_01/lm_level_01_tgl.smb","12ADE690","94849","95013","95017"
"immobilizespiderbolaextendermedium","data/bundles/region_01/lm_level_01/lm_level_01_tgl.smb","13349037","95702","95866","95870"
"immobilizesparkstunkz","data/bundles/region_01/lm_level_01/lm_level_01_tgl.smb","199D023C","124437","124601","124605"
"damagedynamite","data/bundles/region_01/lm_level_01/lm_level_01_tgl.smb","1B2A36F7","126222","126386","126390"
"punch","data/bundles/region_01/lm_level_01/lm_level_01_tgl.smb","1BD366E4","127092","127256","127260"
"trapfuzzleloader","data/bundles/region_01/lm_level_01/lm_level_01_tgl.smb","1C451DE6","140429","140593","140597"
"damageboombatqueen","data/bundles/region_01/lm_level_01/lm_level_01_tgl.smb","2593D7E2","154740","154904","154908"
"trapfuzzlerabidjump","data/bundles/region_01/lm_level_01/lm_level_01_tgl.smb","2ACA2B15","160657","160821","160825"
"sniperdart","data/bundles/region_01/lm_level_01/lm_level_01_tgl.smb","2B365C4D","161503","161667","161671"
"immobilizeskunkbombextender","data/bundles/region_01/lm_level_01/lm_level_01_tgl.smb","316C1E5E","168659","168823","168827"
"trapfuzzlejump","data/bundles/region_01/lm_level_01/lm_level_01_tgl.smb","4883CEE4","213532","213696","213700"
"damagedynamiteextenderloader","data/bundles/region_01/lm_level_01/lm_level_01_tgl.smb","56F3F96B","226760","226924","226928"
"immobilizebolablast","data/bundles/region_01/lm_level_01/lm_level_01_tgl.smb","7309C2DC","274336","274500","274504"
"activatehivequeen","data/bundles/region_01/lm_level_01/lm_level_01_tgl.smb","8372BA80","287848","288012","288016"
"sendtohowlerpunk","data/bundles/region_01/lm_level_01/lm_level_01_tgl.smb","87B60D14","292922","293086","293090"
"damagearmadilloloader","data/bundles/region_01/lm_level_01/lm_level_01_tgl.smb","9908C9FE","321894","322058","322062"
"damagestingbee","data/bundles/region_01/lm_level_01/lm_level_01_tgl.smb","9D2CD827","328265","328429","328433"
"immobilizespiderbolaextendersmall","data/bundles/region_01/lm_level_01/lm_level_01_tgl.smb","A80AE619","341453","341617","341621"
"trapfuzzlerabid","data/bundles/region_01/lm_level_01/lm_level_01_tgl.smb","A8DE80EE","342414","342578","342582"
"damagebeegun","data/bundles/region_01/lm_level_01/lm_level_01_tgl.smb","ADF7DEE1","348337","348501","348505"
"sendtochipmunkextender","data/bundles/region_01/lm_level_01/lm_level_01_tgl.smb","B370E9CA","355662","355826","355830"
"damageriotslug","data/bundles/region_01/lm_level_01/lm_level_01_tgl.smb","C4840A58","378240","378404","378408"
"damagearmadilloloaderextender","data/bundles/region_01/lm_level_01/lm_level_01_tgl.smb","E27EE3FE","413142","413306","413310"
"trapfuzzleloaderextender","data/bundles/region_01/lm_level_01/lm_level_01_tgl.smb","E29179A6","413801","413965","413969"
"damagedynamiteextender","data/bundles/region_01/lm_level_01/lm_level_01_tgl.smb","E675A21B","416170","416334","416338"
"damagebeegunextendersmall","data/bundles/region_01/lm_level_01/lm_level_01_tgl.smb","F06F5DBA","428503","428667","428671"
"activatehivequeencharged","data/bundles/region_01/lm_level_01_blockmap.smh","12ADE690","94861","95025","95029"
"immobilizespiderbolaextendermedium","data/bundles/region_01/lm_level_01_blockmap.smh","13349037","95714","95878","95882"
"immobilizesparkstunkz","data/bundles/region_01/lm_level_01_blockmap.smh","199D023C","124449","124613","124617"
"damagedynamite","data/bundles/region_01/lm_level_01_blockmap.smh","1B2A36F7","126234","126398","126402"
"punch","data/bundles/region_01/lm_level_01_blockmap.smh","1BD366E4","127104","127268","127272"
"trapfuzzleloader","data/bundles/region_01/lm_level_01_blockmap.smh","1C451DE6","140441","140605","140609"
"damageboombatqueen","data/bundles/region_01/lm_level_01_blockmap.smh","2593D7E2","154752","154916","154920"
"trapfuzzlerabidjump","data/bundles/region_01/lm_level_01_blockmap.smh","2ACA2B15","160669","160833","160837"
"sniperdart","data/bundles/region_01/lm_level_01_blockmap.smh","2B365C4D","161515","161679","161683"
"immobilizeskunkbombextender","data/bundles/region_01/lm_level_01_blockmap.smh","316C1E5E","168671","168835","168839"
"trapfuzzlejump","data/bundles/region_01/lm_level_01_blockmap.smh","4883CEE4","213544","213708","213712"
"damagedynamiteextenderloader","data/bundles/region_01/lm_level_01_blockmap.smh","56F3F96B","226772","226936","226940"
"immobilizebolablast","data/bundles/region_01/lm_level_01_blockmap.smh","7309C2DC","274348","274512","274516"
"activatehivequeen","data/bundles/region_01/lm_level_01_blockmap.smh","8372BA80","287860","288024","288028"
"sendtohowlerpunk","data/bundles/region_01/lm_level_01_blockmap.smh","87B60D14","292934","293098","293102"
"damagearmadilloloader","data/bundles/region_01/lm_level_01_blockmap.smh","9908C9FE","321906","322070","322074"
"damagestingbee","data/bundles/region_01/lm_level_01_blockmap.smh","9D2CD827","328277","328441","328445"
"immobilizespiderbolaextendersmall","data/bundles/region_01/lm_level_01_blockmap.smh","A80AE619","341465","341629","341633"
"trapfuzzlerabid","data/bundles/region_01/lm_level_01_blockmap.smh","A8DE80EE","342426","342590","342594"
"damagebeegun","data/bundles/region_01/lm_level_01_blockmap.smh","ADF7DEE1","348349","348513","348517"
"sendtochipmunkextender","data/bundles/region_01/lm_level_01_blockmap.smh","B370E9CA","355674","355838","355842"
"damageriotslug","data/bundles/region_01/lm_level_01_blockmap.smh","C4840A58","378252","378416","378420"
"damagearmadilloloaderextender","data/bundles/region_01/lm_level_01_blockmap.smh","E27EE3FE","413154","413318","413322"
"trapfuzzleloaderextender","data/bundles/region_01/lm_level_01_blockmap.smh","E29179A6","413813","413977","413981"
"damagedynamiteextender","data/bundles/region_01/lm_level_01_blockmap.smh","E675A21B","416182","416346","416350"
"damagebeegunextendersmall","data/bundles/region_01/lm_level_01_blockmap.smh","F06F5DBA","428515","428679","428683"
"activatehivequeencharged","data/bundles/region_02/lm_level_02/lm_level_02_tgl.smb","12ADE690","263592","263756","263760"
"immobilizespiderbolaextendermedium","data/bundles/region_02/lm_level_02/lm_level_02_tgl.smb","13349037","264195","264359","264363"
"immobilizesparkstunkz","data/bundles/region_02/lm_level_02/lm_level_02_tgl.smb","199D023C","275240","275404","275408"
"damagedynamite","data/bundles/region_02/lm_level_02/lm_level_02_tgl.smb","1B2A36F7","277462","277626","277630"
"punch","data/bundles/region_02/lm_level_02/lm_level_02_tgl.smb","1BD366E4","278332","278496","278500"
"trapfuzzleloader","data/bundles/region_02/lm_level_02/lm_level_02_tgl.smb","1C451DE6","279515","279679","279683"
"damageboombatqueen","data/bundles/region_02/lm_level_02/lm_level_02_tgl.smb","2593D7E2","296140","296304","296308"
"trapfuzzlerabidjump","data/bundles/region_02/lm_level_02/lm_level_02_tgl.smb","2ACA2B15","304029","304193","304197"
"sniperdart","data/bundles/region_02/lm_level_02/lm_level_02_tgl.smb","2B365C4D","305028","305192","305196"
"immobilizeskunkbombextender","data/bundles/region_02/lm_level_02/lm_level_02_tgl.smb","316C1E5E","324224","324388","324392"
"trapfuzzlejump","data/bundles/region_02/lm_level_02/lm_level_02_tgl.smb","4883CEE4","397672","397836","397840"
"damagedynamiteextenderloader","data/bundles/region_02/lm_level_02/lm_level_02_tgl.smb","56F3F96B","417227","417391","417395"
"immobilizebolablast","data/bundles/region_02/lm_level_02/lm_level_02_tgl.smb","7309C2DC","471678","471842","471846"
"activatehivequeen","data/bundles/region_02/lm_level_02/lm_level_02_tgl.smb","8372BA80","492638","492802","492806"
"sendtohowlerpunk","data/bundles/region_02/lm_level_02/lm_level_02_tgl.smb","87B60D14","499932","500096","500100"
"damagearmadilloloader","data/bundles/region_02/lm_level_02/lm_level_02_tgl.smb","9908C9FE","540670","540834","540838"
"damagestingbee","data/bundles/region_02/lm_level_02/lm_level_02_tgl.smb","9D2CD827","549094","549258","549262"
"immobilizespiderbolaextendersmall","data/bundles/region_02/lm_level_02/lm_level_02_tgl.smb","A80AE619","567488","567652","567656"
"trapfuzzlerabid","data/bundles/region_02/lm_level_02/lm_level_02_tgl.smb","A8DE80EE","569281","569445","569449"
"damagebeegun","data/bundles/region_02/lm_level_02/lm_level_02_tgl.smb","ADF7DEE1","574978","575142","575146"
"sendtochipmunkextender","data/bundles/region_02/lm_level_02/lm_level_02_tgl.smb","B370E9CA","587214","587378","587382"
"damageriotslug","data/bundles/region_02/lm_level_02/lm_level_02_tgl.smb","C4840A58","639188","639352","639356"
"damagearmadilloloaderextender","data/bundles/region_02/lm_level_02/lm_level_02_tgl.smb","E27EE3FE","815313","815477","815481"
"trapfuzzleloaderextender","data/bundles/region_02/lm_level_02/lm_level_02_tgl.smb","E29179A6","815972","816136","816140"
"damagedynamiteextender","data/bundles/region_02/lm_level_02/lm_level_02_tgl.smb","E675A21B","818547","818711","818715"
"damagebeegunextendersmall","data/bundles/region_02/lm_level_02/lm_level_02_tgl.smb","F06F5DBA","833472","833636","833640"
"activatehivequeencharged","data/bundles/region_02/lm_level_02_blockmap.smh","12ADE690","263604","263768","263772"
"immobilizespiderbolaextendermedium","data/bundles/region_02/lm_level_02_blockmap.smh","13349037","264207","264371","264375"
"immobilizesparkstunkz","data/bundles/region_02/lm_level_02_blockmap.smh","199D023C","275252","275416","275420"
"damagedynamite","data/bundles/region_02/lm_level_02_blockmap.smh","1B2A36F7","277474","277638","277642"
"punch","data/bundles/region_02/lm_level_02_blockmap.smh","1BD366E4","278344","278508","278512"
"trapfuzzleloader","data/bundles/region_02/lm_level_02_blockmap.smh","1C451DE6","279527","279691","279695"
"damageboombatqueen","data/bundles/region_02/lm_level_02_blockmap.smh","2593D7E2","296152","296316","296320"
"trapfuzzlerabidjump","data/bundles/region_02/lm_level_02_blockmap.smh","2ACA2B15","304041","304205","304209"
"sniperdart","data/bundles/region_02/lm_level_02_blockmap.smh","2B365C4D","305040","305204","305208"
"immobilizeskunkbombextender","data/bundles/region_02/lm_level_02_blockmap.smh","316C1E5E","324236","324400","324404"
"trapfuzzlejump","data/bundles/region_02/lm_level_02_blockmap.smh","4883CEE4","397684","397848","397852"
"damagedynamiteextenderloader","data/bundles/region_02/lm_level_02_blockmap.smh","56F3F96B","417239","417403","417407"
"immobilizebolablast","data/bundles/region_02/lm_level_02_blockmap.smh","7309C2DC","471690","471854","471858"
"activatehivequeen","data/bundles/region_02/lm_level_02_blockmap.smh","8372BA80","492650","492814","492818"
"sendtohowlerpunk","data/bundles/region_02/lm_level_02_blockmap.smh","87B60D14","499944","500108","500112"
"damagearmadilloloader","data/bundles/region_02/lm_level_02_blockmap.smh","9908C9FE","540682","540846","540850"
"damagestingbee","data/bundles/region_02/lm_level_02_blockmap.smh","9D2CD827","549106","549270","549274"
"immobilizespiderbolaextendersmall","data/bundles/region_02/lm_level_02_blockmap.smh","A80AE619","567500","567664","567668"
"trapfuzzlerabid","data/bundles/region_02/lm_level_02_blockmap.smh","A8DE80EE","569293","569457","569461"
"damagebeegun","data/bundles/region_02/lm_level_02_blockmap.smh","ADF7DEE1","574990","575154","575158"
"sendtochipmunkextender","data/bundles/region_02/lm_level_02_blockmap.smh","B370E9CA","587226","587390","587394"
"damageriotslug","data/bundles/region_02/lm_level_02_blockmap.smh","C4840A58","639200","639364","639368"
"damagearmadilloloaderextender","data/bundles/region_02/lm_level_02_blockmap.smh","E27EE3FE","815325","815489","815493"
"trapfuzzleloaderextender","data/bundles/region_02/lm_level_02_blockmap.smh","E29179A6","815984","816148","816152"
"damagedynamiteextender","data/bundles/region_02/lm_level_02_blockmap.smh","E675A21B","818559","818723","818727"
"damagebeegunextendersmall","data/bundles/region_02/lm_level_02_blockmap.smh","F06F5DBA","833484","833648","833652"
"activatehivequeencharged","data/bundles/region_02a/lm_level_02a/lm_level_02a_tgl.smb","12ADE690","89476","89640","89644"
"immobilizespiderbolaextendermedium","data/bundles/region_02a/lm_level_02a/lm_level_02a_tgl.smb","13349037","90079","90243","90247"
"immobilizesparkstunkz","data/bundles/region_02a/lm_level_02a/lm_level_02a_tgl.smb","199D023C","96782","96946","96950"
"damagedynamite","data/bundles/region_02a/lm_level_02a/lm_level_02a_tgl.smb","1B2A36F7","98021","98185","98189"
"punch","data/bundles/region_02a/lm_level_02a/lm_level_02a_tgl.smb","1BD366E4","99059","99223","99227"
"trapfuzzleloader","data/bundles/region_02a/lm_level_02a/lm_level_02a_tgl.smb","1C451DE6","100138","100302","100306"
"damageboombatqueen","data/bundles/region_02a/lm_level_02a/lm_level_02a_tgl.smb","2593D7E2","104191","104355","104359"
"trapfuzzlerabidjump","data/bundles/region_02a/lm_level_02a/lm_level_02a_tgl.smb","2ACA2B15","105787","105951","105955"
"sniperdart","data/bundles/region_02a/lm_level_02a/lm_level_02a_tgl.smb","2B365C4D","106633","106797","106801"
"immobilizeskunkbombextender","data/bundles/region_02a/lm_level_02a/lm_level_02a_tgl.smb","316C1E5E","113448","113612","113616"
"trapfuzzlejump","data/bundles/region_02a/lm_level_02a/lm_level_02a_tgl.smb","4883CEE4","127128","127292","127296"
"damagedynamiteextenderloader","data/bundles/region_02a/lm_level_02a/lm_level_02a_tgl.smb","56F3F96B","134091","134255","134259"
"immobilizebolablast","data/bundles/region_02a/lm_level_02a/lm_level_02a_tgl.smb","7309C2DC","157739","157903","157907"
"activatehivequeen","data/bundles/region_02a/lm_level_02a/lm_level_02a_tgl.smb","8372BA80","164697","164861","164865"
"sendtohowlerpunk","data/bundles/region_02a/lm_level_02a/lm_level_02a_tgl.smb","87B60D14","168112","168276","168280"
"damagearmadilloloader","data/bundles/region_02a/lm_level_02a/lm_level_02a_tgl.smb","9908C9FE","183823","183987","183991"
"damagestingbee","data/bundles/region_02a/lm_level_02a/lm_level_02a_tgl.smb","9D2CD827","187914","188078","188082"
"immobilizespiderbolaextendersmall","data/bundles/region_02a/lm_level_02a/lm_level_02a_tgl.smb","A80AE619","194929","195093","195097"
"trapfuzzlerabid","data/bundles/region_02a/lm_level_02a/lm_level_02a_tgl.smb","A8DE80EE","195737","195901","195905"
"damagebeegun","data/bundles/region_02a/lm_level_02a/lm_level_02a_tgl.smb","ADF7DEE1","201604","201768","201772"
"sendtochipmunkextender","data/bundles/region_02a/lm_level_02a/lm_level_02a_tgl.smb","B370E9CA","208358","208522","208526"
"damageriotslug","data/bundles/region_02a/lm_level_02a/lm_level_02a_tgl.smb","C4840A58","219073","219237","219241"
"damagearmadilloloaderextender","data/bundles/region_02a/lm_level_02a/lm_level_02a_tgl.smb","E27EE3FE","240138","240302","240306"
"trapfuzzleloaderextender","data/bundles/region_02a/lm_level_02a/lm_level_02a_tgl.smb","E29179A6","240797","240961","240965"
"damagedynamiteextender","data/bundles/region_02a/lm_level_02a/lm_level_02a_tgl.smb","E675A21B","241602","241766","241770"
"damagebeegunextendersmall","data/bundles/region_02a/lm_level_02a/lm_level_02a_tgl.smb","F06F5DBA","249283","249447","249451"
"activatehivequeencharged","data/bundles/region_02a/lm_level_02a_blockmap.smh","12ADE690","89488","89652","89656"
"immobilizespiderbolaextendermedium","data/bundles/region_02a/lm_level_02a_blockmap.smh","13349037","90091","90255","90259"
"immobilizesparkstunkz","data/bundles/region_02a/lm_level_02a_blockmap.smh","199D023C","96794","96958","96962"
"damagedynamite","data/bundles/region_02a/lm_level_02a_blockmap.smh","1B2A36F7","98033","98197","98201"
"punch","data/bundles/region_02a/lm_level_02a_blockmap.smh","1BD366E4","99071","99235","99239"
"trapfuzzleloader","data/bundles/region_02a/lm_level_02a_blockmap.smh","1C451DE6","100150","100314","100318"
"damageboombatqueen","data/bundles/region_02a/lm_level_02a_blockmap.smh","2593D7E2","104203","104367","104371"
"trapfuzzlerabidjump","data/bundles/region_02a/lm_level_02a_blockmap.smh","2ACA2B15","105799","105963","105967"
"sniperdart","data/bundles/region_02a/lm_level_02a_blockmap.smh","2B365C4D","106645","106809","106813"
"immobilizeskunkbombextender","data/bundles/region_02a/lm_level_02a_blockmap.smh","316C1E5E","113460","113624","113628"
"trapfuzzlejump","data/bundles/region_02a/lm_level_02a_blockmap.smh","4883CEE4","127140","127304","127308"
"damagedynamiteextenderloader","data/bundles/region_02a/lm_level_02a_blockmap.smh","56F3F96B","134103","134267","134271"
"immobilizebolablast","data/bundles/region_02a/lm_level_02a_blockmap.smh","7309C2DC","157751","157915","157919"
"activatehivequeen","data/bundles/region_02a/lm_level_02a_blockmap.smh","8372BA80","164709","164873","164877"
"sendtohowlerpunk","data/bundles/region_02a/lm_level_02a_blockmap.smh","87B60D14","168124","168288","168292"
"damagearmadilloloader","data/bundles/region_02a/lm_level_02a_blockmap.smh","9908C9FE","183835","183999","184003"
"damagestingbee","data/bundles/region_02a/lm_level_02a_blockmap.smh","9D2CD827","187926","188090","188094"
"immobilizespiderbolaextendersmall","data/bundles/region_02a/lm_level_02a_blockmap.smh","A80AE619","194941","195105","195109"
"trapfuzzlerabid","data/bundles/region_02a/lm_level_02a_blockmap.smh","A8DE80EE","195749","195913","195917"
"damagebeegun","data/bundles/region_02a/lm_level_02a_blockmap.smh","ADF7DEE1","201616","201780","201784"
"sendtochipmunkextender","data/bundles/region_02a/lm_level_02a_blockmap.smh","B370E9CA","208370","208534","208538"
"damageriotslug","data/bundles/region_02a/lm_level_02a_blockmap.smh","C4840A58","219085","219249","219253"
"damagearmadilloloaderextender","data/bundles/region_02a/lm_level_02a_blockmap.smh","E27EE3FE","240150","240314","240318"
"trapfuzzleloaderextender","data/bundles/region_02a/lm_level_02a_blockmap.smh","E29179A6","240809","240973","240977"
"damagedynamiteextender","data/bundles/region_02a/lm_level_02a_blockmap.smh","E675A21B","241614","241778","241782"
"damagebeegunextendersmall","data/bundles/region_02a/lm_level_02a_blockmap.smh","F06F5DBA","249295","249459","249463"
"activatehivequeencharged","data/bundles/region_03/lm_level_03/lm_level_03_tgl.smb","12ADE690","326178","326342","326346"
"immobilizespiderbolaextendermedium","data/bundles/region_03/lm_level_03/lm_level_03_tgl.smb","13349037","326934","327098","327102"
"immobilizesparkstunkz","data/bundles/region_03/lm_level_03/lm_level_03_tgl.smb","199D023C","341374","341538","341542"
"damagedynamite","data/bundles/region_03/lm_level_03/lm_level_03_tgl.smb","1B2A36F7","343560","343724","343728"
"punch","data/bundles/region_03/lm_level_03/lm_level_03_tgl.smb","1BD366E4","344598","344762","344766"
"trapfuzzleloader","data/bundles/region_03/lm_level_03/lm_level_03_tgl.smb","1C451DE6","345509","345673","345677"
"damageboombatqueen","data/bundles/region_03/lm_level_03/lm_level_03_tgl.smb","2593D7E2","360835","360999","361003"
"trapfuzzlerabidjump","data/bundles/region_03/lm_level_03/lm_level_03_tgl.smb","2ACA2B15","371646","371810","371814"
"sniperdart","data/bundles/region_03/lm_level_03/lm_level_03_tgl.smb","2B365C4D","372492","372656","372660"
"immobilizeskunkbombextender","data/bundles/region_03/lm_level_03/lm_level_03_tgl.smb","316C1E5E","384543","384707","384711"
"trapfuzzlejump","data/bundles/region_03/lm_level_03/lm_level_03_tgl.smb","4883CEE4","415594","415758","415762"
"damagedynamiteextenderloader","data/bundles/region_03/lm_level_03/lm_level_03_tgl.smb","56F3F96B","435423","435587","435591"
"immobilizebolablast","data/bundles/region_03/lm_level_03/lm_level_03_tgl.smb","7309C2DC","487648","487812","487816"
"activatehivequeen","data/bundles/region_03/lm_level_03/lm_level_03_tgl.smb","8372BA80","505628","505792","505796"
"sendtohowlerpunk","data/bundles/region_03/lm_level_03/lm_level_03_tgl.smb","87B60D14","510679","510843","510847"
"damagearmadilloloader","data/bundles/region_03/lm_level_03/lm_level_03_tgl.smb","9908C9FE","543910","544074","544078"
"damagestingbee","data/bundles/region_03/lm_level_03/lm_level_03_tgl.smb","9D2CD827","551022","551186","551190"
"immobilizespiderbolaextendersmall","data/bundles/region_03/lm_level_03/lm_level_03_tgl.smb","A80AE619","567150","567314","567318"
"trapfuzzlerabid","data/bundles/region_03/lm_level_03/lm_level_03_tgl.smb","A8DE80EE","569206","569370","569374"
"damagebeegun","data/bundles/region_03/lm_level_03/lm_level_03_tgl.smb","ADF7DEE1","574052","574216","574220"
"sendtochipmunkextender","data/bundles/region_03/lm_level_03/lm_level_03_tgl.smb","B370E9CA","582947","583111","583115"
"damageriotslug","data/bundles/region_03/lm_level_03/lm_level_03_tgl.smb","C4840A58","606287","606451","606455"
"damagearmadilloloaderextender","data/bundles/region_03/lm_level_03/lm_level_03_tgl.smb","E27EE3FE","674212","674376","674380"
"trapfuzzleloaderextender","data/bundles/region_03/lm_level_03/lm_level_03_tgl.smb","E29179A6","674871","675035","675039"
"damagedynamiteextender","data/bundles/region_03/lm_level_03/lm_level_03_tgl.smb","E675A21B","677013","677177","677181"
"damagebeegunextendersmall","data/bundles/region_03/lm_level_03/lm_level_03_tgl.smb","F06F5DBA","695480","695644","695648"
"activatehivequeencharged","data/bundles/region_03/lm_level_03_blockmap.smh","12ADE690","326190","326354","326358"
"immobilizespiderbolaextendermedium","data/bundles/region_03/lm_level_03_blockmap.smh","13349037","326946","327110","327114"
"immobilizesparkstunkz","data/bundles/region_03/lm_level_03_blockmap.smh","199D023C","341386","341550","341554"
"damagedynamite","data/bundles/region_03/lm_level_03_blockmap.smh","1B2A36F7","343572","343736","343740"
"punch","data/bundles/region_03/lm_level_03_blockmap.smh","1BD366E4","344610","344774","344778"
"trapfuzzleloader","data/bundles/region_03/lm_level_03_blockmap.smh","1C451DE6","345521","345685","345689"
"damageboombatqueen","data/bundles/region_03/lm_level_03_blockmap.smh","2593D7E2","360847","361011","361015"
"trapfuzzlerabidjump","data/bundles/region_03/lm_level_03_blockmap.smh","2ACA2B15","371658","371822","371826"
"sniperdart","data/bundles/region_03/lm_level_03_blockmap.smh","2B365C4D","372504","372668","372672"
"immobilizeskunkbombextender","data/bundles/region_03/lm_level_03_blockmap.smh","316C1E5E","384555","384719","384723"
"trapfuzzlejump","data/bundles/region_03/lm_level_03_blockmap.smh","4883CEE4","415606","415770","415774"
"damagedynamiteextenderloader","data/bundles/region_03/lm_level_03_blockmap.smh","56F3F96B","435435","435599","435603"
"immobilizebolablast","data/bundles/region_03/lm_level_03_blockmap.smh","7309C2DC","487660","487824","487828"
"activatehivequeen","data/bundles/region_03/lm_level_03_blockmap.smh","8372BA80","505640","505804","505808"
"sendtohowlerpunk","data/bundles/region_03/lm_level_03_blockmap.smh","87B60D14","510691","510855","510859"
"damagearmadilloloader","data/bundles/region_03/lm_level_03_blockmap.smh","9908C9FE","543922","544086","544090"
"damagestingbee","data/bundles/region_03/lm_level_03_blockmap.smh","9D2CD827","551034","551198","551202"
"immobilizespiderbolaextendersmall","data/bundles/region_03/lm_level_03_blockmap.smh","A80AE619","567162","567326","567330"
"trapfuzzlerabid","data/bundles/region_03/lm_level_03_blockmap.smh","A8DE80EE","569218","569382","569386"
"damagebeegun","data/bundles/region_03/lm_level_03_blockmap.smh","ADF7DEE1","574064","574228","574232"
"sendtochipmunkextender","data/bundles/region_03/lm_level_03_blockmap.smh","B370E9CA","582959","583123","583127"
"damageriotslug","data/bundles/region_03/lm_level_03_blockmap.smh","C4840A58","606299","606463","606467"
"damagearmadilloloaderextender","data/bundles/region_03/lm_level_03_blockmap.smh","E27EE3FE","674224","674388","674392"
"trapfuzzleloaderextender","data/bundles/region_03/lm_level_03_blockmap.smh","E29179A6","674883","675047","675051"
"damagedynamiteextender","data/bundles/region_03/lm_level_03_blockmap.smh","E675A21B","677025","677189","677193"
"damagebeegunextendersmall","data/bundles/region_03/lm_level_03_blockmap.smh","F06F5DBA","695492","695656","695660"
"activatehivequeencharged","data/bundles/region_04/lm_level_04/lm_level_04_tgl.smb","12ADE690","117731","117895","117899"
"immobilizespiderbolaextendermedium","data/bundles/region_04/lm_level_04/lm_level_04_tgl.smb","13349037","147039","147203","147207"
"immobilizesparkstunkz","data/bundles/region_04/lm_level_04/lm_level_04_tgl.smb","199D023C","155280","155444","155448"
"damagedynamite","data/bundles/region_04/lm_level_04/lm_level_04_tgl.smb","1B2A36F7","156744","156908","156912"
"punch","data/bundles/region_04/lm_level_04/lm_level_04_tgl.smb","1BD366E4","157763","157927","157931"
"trapfuzzleloader","data/bundles/region_04/lm_level_04/lm_level_04_tgl.smb","1C451DE6","159538","159702","159706"
"damageboombatqueen","data/bundles/region_04/lm_level_04/lm_level_04_tgl.smb","2593D7E2","207423","207587","207591"
"trapfuzzlerabidjump","data/bundles/region_04/lm_level_04/lm_level_04_tgl.smb","2ACA2B15","212118","212282","212286"
"sniperdart","data/bundles/region_04/lm_level_04/lm_level_04_tgl.smb","2B365C4D","212812","212976","212980"
"immobilizeskunkbombextender","data/bundles/region_04/lm_level_04/lm_level_04_tgl.smb","316C1E5E","222384","222548","222552"
"trapfuzzlejump","data/bundles/region_04/lm_level_04/lm_level_04_tgl.smb","4883CEE4","242534","242698","242702"
"damagedynamiteextenderloader","data/bundles/region_04/lm_level_04/lm_level_04_tgl.smb","56F3F96B","258321","258485","258489"
"immobilizebolablast","data/bundles/region_04/lm_level_04/lm_level_04_tgl.smb","7309C2DC","286667","286831","286835"
"activatehivequeen","data/bundles/region_04/lm_level_04/lm_level_04_tgl.smb","8372BA80","298718","298882","298886"
"sendtohowlerpunk","data/bundles/region_04/lm_level_04/lm_level_04_tgl.smb","87B60D14","303256","303420","303424"
"damagearmadilloloader","data/bundles/region_04/lm_level_04/lm_level_04_tgl.smb","9908C9FE","323104","323268","323272"
"damagestingbee","data/bundles/region_04/lm_level_04/lm_level_04_tgl.smb","9D2CD827","327746","327910","327914"
"immobilizespiderbolaextendersmall","data/bundles/region_04/lm_level_04/lm_level_04_tgl.smb","A80AE619","341370","341534","341538"
"trapfuzzlerabid","data/bundles/region_04/lm_level_04/lm_level_04_tgl.smb","A8DE80EE","342537","342701","342705"
"damagebeegun","data/bundles/region_04/lm_level_04/lm_level_04_tgl.smb","ADF7DEE1","346911","347075","347079"
"sendtochipmunkextender","data/bundles/region_04/lm_level_04/lm_level_04_tgl.smb","B370E9CA","353400","353564","353568"
"damageriotslug","data/bundles/region_04/lm_level_04/lm_level_04_tgl.smb","C4840A58","367969","368133","368137"
"damagearmadilloloaderextender","data/bundles/region_04/lm_level_04/lm_level_04_tgl.smb","E27EE3FE","392734","392898","392902"
"trapfuzzleloaderextender","data/bundles/region_04/lm_level_04/lm_level_04_tgl.smb","E29179A6","393393","393557","393561"
"damagedynamiteextender","data/bundles/region_04/lm_level_04/lm_level_04_tgl.smb","E675A21B","395565","395729","395733"
"damagebeegunextendersmall","data/bundles/region_04/lm_level_04/lm_level_04_tgl.smb","F06F5DBA","406241","406405","406409"
"activatehivequeencharged","data/bundles/region_04/lm_level_04_blockmap.smh","12ADE690","117743","117907","117911"
"immobilizespiderbolaextendermedium","data/bundles/region_04/lm_level_04_blockmap.smh","13349037","147051","147215","147219"
"immobilizesparkstunkz","data/bundles/region_04/lm_level_04_blockmap.smh","199D023C","155292","155456","155460"
"damagedynamite","data/bundles/region_04/lm_level_04_blockmap.smh","1B2A36F7","156756","156920","156924"
"punch","data/bundles/region_04/lm_level_04_blockmap.smh","1BD366E4","157775","157939","157943"
"trapfuzzleloader","data/bundles/region_04/lm_level_04_blockmap.smh","1C451DE6","159550","159714","159718"
"damageboombatqueen","data/bundles/region_04/lm_level_04_blockmap.smh","2593D7E2","207435","207599","207603"
"trapfuzzlerabidjump","data/bundles/region_04/lm_level_04_blockmap.smh","2ACA2B15","212130","212294","212298"
"sniperdart","data/bundles/region_04/lm_level_04_blockmap.smh","2B365C4D","212824","212988","212992"
"immobilizeskunkbombextender","data/bundles/region_04/lm_level_04_blockmap.smh","316C1E5E","222396","222560","222564"
"trapfuzzlejump","data/bundles/region_04/lm_level_04_blockmap.smh","4883CEE4","242546","242710","242714"
"damagedynamiteextenderloader","data/bundles/region_04/lm_level_04_blockmap.smh","56F3F96B","258333","258497","258501"
"immobilizebolablast","data/bundles/region_04/lm_level_04_blockmap.smh","7309C2DC","286679","286843","286847"
"activatehivequeen","data/bundles/region_04/lm_level_04_blockmap.smh","8372BA80","298730","298894","298898"
"sendtohowlerpunk","data/bundles/region_04/lm_level_04_blockmap.smh","87B60D14","303268","303432","303436"
"damagearmadilloloader","data/bundles/region_04/lm_level_04_blockmap.smh","9908C9FE","323116","323280","323284"
"damagestingbee","data/bundles/region_04/lm_level_04_blockmap.smh","9D2CD827","327758","327922","327926"
"immobilizespiderbolaextendersmall","data/bundles/region_04/lm_level_04_blockmap.smh","A80AE619","341382","341546","341550"
"trapfuzzlerabid","data/bundles/region_04/lm_level_04_blockmap.smh","A8DE80EE","342549","342713","342717"
"damagebeegun","data/bundles/region_04/lm_level_04_blockmap.smh","ADF7DEE1","346923","347087","347091"
"sendtochipmunkextender","data/bundles/region_04/lm_level_04_blockmap.smh","B370E9CA","353412","353576","353580"
"damageriotslug","data/bundles/region_04/lm_level_04_blockmap.smh","C4840A58","367981","368145","368149"
"damagearmadilloloaderextender","data/bundles/region_04/lm_level_04_blockmap.smh","E27EE3FE","392746","392910","392914"
"trapfuzzleloaderextender","data/bundles/region_04/lm_level_04_blockmap.smh","E29179A6","393405","393569","393573"
"damagedynamiteextender","data/bundles/region_04/lm_level_04_blockmap.smh","E675A21B","395577","395741","395745"
"damagebeegunextendersmall","data/bundles/region_04/lm_level_04_blockmap.smh","F06F5DBA","406253","406417","406421"
"activatehivequeencharged","data/bundles/region_05/lm_level_05/lm_level_05_tgl.smb","12ADE690","74763","74927","74931"
"immobilizespiderbolaextendermedium","data/bundles/region_05/lm_level_05/lm_level_05_tgl.smb","13349037","77580","77744","77748"
"immobilizesparkstunkz","data/bundles/region_05/lm_level_05/lm_level_05_tgl.smb","199D023C","95290","95454","95458"
"damagedynamite","data/bundles/region_05/lm_level_05/lm_level_05_tgl.smb","1B2A36F7","97133","97297","97301"
"punch","data/bundles/region_05/lm_level_05/lm_level_05_tgl.smb","1BD366E4","98152","98316","98320"
"trapfuzzleloader","data/bundles/region_05/lm_level_05/lm_level_05_tgl.smb","1C451DE6","99765","99929","99933"
"damageboombatqueen","data/bundles/region_05/lm_level_05/lm_level_05_tgl.smb","2593D7E2","120160","120324","120328"
"trapfuzzlerabidjump","data/bundles/region_05/lm_level_05/lm_level_05_tgl.smb","2ACA2B15","125066","125230","125234"
"sniperdart","data/bundles/region_05/lm_level_05/lm_level_05_tgl.smb","2B365C4D","125760","125924","125928"
"immobilizeskunkbombextender","data/bundles/region_05/lm_level_05/lm_level_05_tgl.smb","316C1E5E","150993","151157","151161"
"trapfuzzlejump","data/bundles/region_05/lm_level_05/lm_level_05_tgl.smb","4883CEE4","203510","203674","203678"
"damagedynamiteextenderloader","data/bundles/region_05/lm_level_05/lm_level_05_tgl.smb","56F3F96B","224992","225156","225160"
"immobilizebolablast","data/bundles/region_05/lm_level_05/lm_level_05_tgl.smb","7309C2DC","258025","258189","258193"
"activatehivequeen","data/bundles/region_05/lm_level_05/lm_level_05_tgl.smb","8372BA80","268797","268961","268965"
"sendtohowlerpunk","data/bundles/region_05/lm_level_05/lm_level_05_tgl.smb","87B60D14","274108","274272","274276"
"damagearmadilloloader","data/bundles/region_05/lm_level_05/lm_level_05_tgl.smb","9908C9FE","296540","296704","296708"
"damagestingbee","data/bundles/region_05/lm_level_05/lm_level_05_tgl.smb","9D2CD827","299831","299995","299999"
"immobilizespiderbolaextendersmall","data/bundles/region_05/lm_level_05/lm_level_05_tgl.smb","A80AE619","313097","313261","313265"
"trapfuzzlerabid","data/bundles/region_05/lm_level_05/lm_level_05_tgl.smb","A8DE80EE","314468","314632","314636"
"damagebeegun","data/bundles/region_05/lm_level_05/lm_level_05_tgl.smb","ADF7DEE1","321059","321223","321227"
"sendtochipmunkextender","data/bundles/region_05/lm_level_05/lm_level_05_tgl.smb","B370E9CA","329208","329372","329376"
"damageriotslug","data/bundles/region_05/lm_level_05/lm_level_05_tgl.smb","C4840A58","347054","347218","347222"
"damagearmadilloloaderextender","data/bundles/region_05/lm_level_05/lm_level_05_tgl.smb","E27EE3FE","376300","376464","376468"
"trapfuzzleloaderextender","data/bundles/region_05/lm_level_05/lm_level_05_tgl.smb","E29179A6","376959","377123","377127"
"damagedynamiteextender","data/bundles/region_05/lm_level_05/lm_level_05_tgl.smb","E675A21B","379848","380012","380016"
"damagebeegunextendersmall","data/bundles/region_05/lm_level_05/lm_level_05_tgl.smb","F06F5DBA","406216","406380","406384"
"activatehivequeencharged","data/bundles/region_05/lm_level_05_blockmap.smh","12ADE690","74775","74939","74943"
"immobilizespiderbolaextendermedium","data/bundles/region_05/lm_level_05_blockmap.smh","13349037","77592","77756","77760"
"immobilizesparkstunkz","data/bundles/region_05/lm_level_05_blockmap.smh","199D023C","95302","95466","95470"
"damagedynamite","data/bundles/region_05/lm_level_05_blockmap.smh","1B2A36F7","97145","97309","97313"
"punch","data/bundles/region_05/lm_level_05_blockmap.smh","1BD366E4","98164","98328","98332"
"trapfuzzleloader","data/bundles/region_05/lm_level_05_blockmap.smh","1C451DE6","99777","99941","99945"
"damageboombatqueen","data/bundles/region_05/lm_level_05_blockmap.smh","2593D7E2","120172","120336","120340"
"trapfuzzlerabidjump","data/bundles/region_05/lm_level_05_blockmap.smh","2ACA2B15","125078","125242","125246"
"sniperdart","data/bundles/region_05/lm_level_05_blockmap.smh","2B365C4D","125772","125936","125940"
"immobilizeskunkbombextender","data/bundles/region_05/lm_level_05_blockmap.smh","316C1E5E","151005","151169","151173"
"trapfuzzlejump","data/bundles/region_05/lm_level_05_blockmap.smh","4883CEE4","203522","203686","203690"
"damagedynamiteextenderloader","data/bundles/region_05/lm_level_05_blockmap.smh","56F3F96B","225004","225168","225172"
"immobilizebolablast","data/bundles/region_05/lm_level_05_blockmap.smh","7309C2DC","258037","258201","258205"
"activatehivequeen","data/bundles/region_05/lm_level_05_blockmap.smh","8372BA80","268809","268973","268977"
"sendtohowlerpunk","data/bundles/region_05/lm_level_05_blockmap.smh","87B60D14","274120","274284","274288"
"damagearmadilloloader","data/bundles/region_05/lm_level_05_blockmap.smh","9908C9FE","296552","296716","296720"
"damagestingbee","data/bundles/region_05/lm_level_05_blockmap.smh","9D2CD827","299843","300007","300011"
"immobilizespiderbolaextendersmall","data/bundles/region_05/lm_level_05_blockmap.smh","A80AE619","313109","313273","313277"
"trapfuzzlerabid","data/bundles/region_05/lm_level_05_blockmap.smh","A8DE80EE","314480","314644","314648"
"damagebeegun","data/bundles/region_05/lm_level_05_blockmap.smh","ADF7DEE1","321071","321235","321239"
"sendtochipmunkextender","data/bundles/region_05/lm_level_05_blockmap.smh","B370E9CA","329220","329384","329388"
"damageriotslug","data/bundles/region_05/lm_level_05_blockmap.smh","C4840A58","347066","347230","347234"
"damagearmadilloloaderextender","data/bundles/region_05/lm_level_05_blockmap.smh","E27EE3FE","376312","376476","376480"
"trapfuzzleloaderextender","data/bundles/region_05/lm_level_05_blockmap.smh","E29179A6","376971","377135","377139"
"damagedynamiteextender","data/bundles/region_05/lm_level_05_blockmap.smh","E675A21B","379860","380024","380028"
"damagebeegunextendersmall","data/bundles/region_05/lm_level_05_blockmap.smh","F06F5DBA","406228","406392","406396"
"activatehivequeencharged","data/bundles/region_06/lm_level_06/lm_level_06_tgl.smb","12ADE690","299217","299381","299385"
"immobilizespiderbolaextendermedium","data/bundles/region_06/lm_level_06/lm_level_06_tgl.smb","13349037","302159","302323","302327"
"immobilizesparkstunkz","data/bundles/region_06/lm_level_06/lm_level_06_tgl.smb","199D023C","309144","309308","309312"
"damagedynamite","data/bundles/region_06/lm_level_06/lm_level_06_tgl.smb","1B2A36F7","310536","310700","310704"
"punch","data/bundles/region_06/lm_level_06/lm_level_06_tgl.smb","1BD366E4","311731","311895","311899"
"trapfuzzleloader","data/bundles/region_06/lm_level_06/lm_level_06_tgl.smb","1C451DE6","313717","313881","313885"
"damageboombatqueen","data/bundles/region_06/lm_level_06/lm_level_06_tgl.smb","2593D7E2","332982","333146","333150"
"trapfuzzlerabidjump","data/bundles/region_06/lm_level_06/lm_level_06_tgl.smb","2ACA2B15","336746","336910","336914"
"sniperdart","data/bundles/region_06/lm_level_06/lm_level_06_tgl.smb","2B365C4D","337440","337604","337608"
"immobilizeskunkbombextender","data/bundles/region_06/lm_level_06/lm_level_06_tgl.smb","316C1E5E","348887","349051","349055"
"trapfuzzlejump","data/bundles/region_06/lm_level_06/lm_level_06_tgl.smb","4883CEE4","379787","379951","379955"
"damagedynamiteextenderloader","data/bundles/region_06/lm_level_06/lm_level_06_tgl.smb","56F3F96B","393587","393751","393755"
"immobilizebolablast","data/bundles/region_06/lm_level_06/lm_level_06_tgl.smb","7309C2DC","427710","427874","427878"
"activatehivequeen","data/bundles/region_06/lm_level_06/lm_level_06_tgl.smb","8372BA80","440624","440788","440792"
"sendtohowlerpunk","data/bundles/region_06/lm_level_06/lm_level_06_tgl.smb","87B60D14","446925","447089","447093"
"damagearmadilloloader","data/bundles/region_06/lm_level_06/lm_level_06_tgl.smb","9908C9FE","475329","475493","475497"
"damagestingbee","data/bundles/region_06/lm_level_06/lm_level_06_tgl.smb","9D2CD827","479050","479214","479218"
"immobilizespiderbolaextendersmall","data/bundles/region_06/lm_level_06/lm_level_06_tgl.smb","A80AE619","493229","493393","493397"
"trapfuzzlerabid","data/bundles/region_06/lm_level_06/lm_level_06_tgl.smb","A8DE80EE","494484","494648","494652"
"damagebeegun","data/bundles/region_06/lm_level_06/lm_level_06_tgl.smb","ADF7DEE1","502562","502726","502730"
"sendtochipmunkextender","data/bundles/region_06/lm_level_06/lm_level_06_tgl.smb","B370E9CA","509801","509965","509969"
"damageriotslug","data/bundles/region_06/lm_level_06/lm_level_06_tgl.smb","C4840A58","528328","528492","528496"
"damagearmadilloloaderextender","data/bundles/region_06/lm_level_06/lm_level_06_tgl.smb","E27EE3FE","559713","559877","559881"
"trapfuzzleloaderextender","data/bundles/region_06/lm_level_06/lm_level_06_tgl.smb","E29179A6","560372","560536","560540"
"damagedynamiteextender","data/bundles/region_06/lm_level_06/lm_level_06_tgl.smb","E675A21B","565898","566062","566066"
"damagebeegunextendersmall","data/bundles/region_06/lm_level_06/lm_level_06_tgl.smb","F06F5DBA","576766","576930","576934"
"activatehivequeencharged","data/bundles/region_06/lm_level_06_blockmap.smh","12ADE690","299229","299393","299397"
"immobilizespiderbolaextendermedium","data/bundles/region_06/lm_level_06_blockmap.smh","13349037","302171","302335","302339"
"immobilizesparkstunkz","data/bundles/region_06/lm_level_06_blockmap.smh","199D023C","309156","309320","309324"
"damagedynamite","data/bundles/region_06/lm_level_06_blockmap.smh","1B2A36F7","310548","310712","310716"
"punch","data/bundles/region_06/lm_level_06_blockmap.smh","1BD366E4","311743","311907","311911"
"trapfuzzleloader","data/bundles/region_06/lm_level_06_blockmap.smh","1C451DE6","313729","313893","313897"
"damageboombatqueen","data/bundles/region_06/lm_level_06_blockmap.smh","2593D7E2","332994","333158","333162"
"trapfuzzlerabidjump","data/bundles/region_06/lm_level_06_blockmap.smh","2ACA2B15","336758","336922","336926"
"sniperdart","data/bundles/region_06/lm_level_06_blockmap.smh","2B365C4D","337452","337616","337620"
"immobilizeskunkbombextender","data/bundles/region_06/lm_level_06_blockmap.smh","316C1E5E","348899","349063","349067"
"trapfuzzlejump","data/bundles/region_06/lm_level_06_blockmap.smh","4883CEE4","379799","379963","379967"
"damagedynamiteextenderloader","data/bundles/region_06/lm_level_06_blockmap.smh","56F3F96B","393599","393763","393767"
"immobilizebolablast","data/bundles/region_06/lm_level_06_blockmap.smh","7309C2DC","427722","427886","427890"
"activatehivequeen","data/bundles/region_06/lm_level_06_blockmap.smh","8372BA80","440636","440800","440804"
"sendtohowlerpunk","data/bundles/region_06/lm_level_06_blockmap.smh","87B60D14","446937","447101","447105"
"damagearmadilloloader","data/bundles/region_06/lm_level_06_blockmap.smh","9908C9FE","475341","475505","475509"
"damagestingbee","data/bundles/region_06/lm_level_06_blockmap.smh","9D2CD827","479062","479226","479230"
"immobilizespiderbolaextendersmall","data/bundles/region_06/lm_level_06_blockmap.smh","A80AE619","493241","493405","493409"
"trapfuzzlerabid","data/bundles/region_06/lm_level_06_blockmap.smh","A8DE80EE","494496","494660","494664"
"damagebeegun","data/bundles/region_06/lm_level_06_blockmap.smh","ADF7DEE1","502574","502738","502742"
"sendtochipmunkextender","data/bundles/region_06/lm_level_06_blockmap.smh","B370E9CA","509813","509977","509981"
"damageriotslug","data/bundles/region_06/lm_level_06_blockmap.smh","C4840A58","528340","528504","528508"
"damagearmadilloloaderextender","data/bundles/region_06/lm_level_06_blockmap.smh","E27EE3FE","559725","559889","559893"
"trapfuzzleloaderextender","data/bundles/region_06/lm_level_06_blockmap.smh","E29179A6","560384","560548","560552"
"damagedynamiteextender","data/bundles/region_06/lm_level_06_blockmap.smh","E675A21B","565910","566074","566078"
"damagebeegunextendersmall","data/bundles/region_06/lm_level_06_blockmap.smh","F06F5DBA","576778","576942","576946"
"activatehivequeencharged","data/bundles/utility/empty/empty_tag.smb","12ADE690","6843","7007","7011"
"immobilizespiderbolaextendermedium","data/bundles/utility/empty/empty_tag.smb","13349037","7446","7610","7614"
"immobilizesparkstunkz","data/bundles/utility/empty/empty_tag.smb","199D023C","10936","11100","11104"
"damagedynamite","data/bundles/utility/empty/empty_tag.smb","1B2A36F7","11847","12011","12015"
"punch","data/bundles/utility/empty/empty_tag.smb","1BD366E4","12717","12881","12885"
"trapfuzzleloader","data/bundles/utility/empty/empty_tag.smb","1C451DE6","13628","13792","13796"
"damageboombatqueen","data/bundles/utility/empty/empty_tag.smb","2593D7E2","15341","15505","15509"
"trapfuzzlerabidjump","data/bundles/utility/empty/empty_tag.smb","2ACA2B15","17032","17196","17200"
"sniperdart","data/bundles/utility/empty/empty_tag.smb","2B365C4D","17726","17890","17894"
"immobilizeskunkbombextender","data/bundles/utility/empty/empty_tag.smb","316C1E5E","19461","19625","19629"
"trapfuzzlejump","data/bundles/utility/empty/empty_tag.smb","4883CEE4","24661","24825","24829"
"damagedynamiteextenderloader","data/bundles/utility/empty/empty_tag.smb","56F3F96B","29224","29388","29392"
"immobilizebolablast","data/bundles/utility/empty/empty_tag.smb","7309C2DC","41075","41239","41243"
"activatehivequeen","data/bundles/utility/empty/empty_tag.smb","8372BA80","43503","43667","43671"
"sendtohowlerpunk","data/bundles/utility/empty/empty_tag.smb","87B60D14","45980","46144","46148"
"damagearmadilloloader","data/bundles/utility/empty/empty_tag.smb","9908C9FE","53376","53540","53544"
"damagestingbee","data/bundles/utility/empty/empty_tag.smb","9D2CD827","56191","56355","56359"
"immobilizespiderbolaextendersmall","data/bundles/utility/empty/empty_tag.smb","A80AE619","60176","60340","60344"
"trapfuzzlerabid","data/bundles/utility/empty/empty_tag.smb","A8DE80EE","60839","61003","61007"
"damagebeegun","data/bundles/utility/empty/empty_tag.smb","ADF7DEE1","62565","62729","62733"
"sendtochipmunkextender","data/bundles/utility/empty/empty_tag.smb","B370E9CA","65432","65596","65600"
"damageriotslug","data/bundles/utility/empty/empty_tag.smb","C4840A58","71807","71971","71975"
"damagearmadilloloaderextender","data/bundles/utility/empty/empty_tag.smb","E27EE3FE","81387","81551","81555"
"trapfuzzleloaderextender","data/bundles/utility/empty/empty_tag.smb","E29179A6","82046","82210","82214"
"damagedynamiteextender","data/bundles/utility/empty/empty_tag.smb","E675A21B","82851","83015","83019"
"damagebeegunextendersmall","data/bundles/utility/empty/empty_tag.smb","F06F5DBA","88271","88435","88439"
"activatehivequeencharged","data/bundles/utility/empty_blockmap.smh","12ADE690","6855","7019","7023"
"immobilizespiderbolaextendermedium","data/bundles/utility/empty_blockmap.smh","13349037","7458","7622","7626"
"immobilizesparkstunkz","data/bundles/utility/empty_blockmap.smh","199D023C","10948","11112","11116"
"damagedynamite","data/bundles/utility/empty_blockmap.smh","1B2A36F7","11859","12023","12027"
"punch","data/bundles/utility/empty_blockmap.smh","1BD366E4","12729","12893","12897"
"trapfuzzleloader","data/bundles/utility/empty_blockmap.smh","1C451DE6","13640","13804","13808"
"damageboombatqueen","data/bundles/utility/empty_blockmap.smh","2593D7E2","15353","15517","15521"
"trapfuzzlerabidjump","data/bundles/utility/empty_blockmap.smh","2ACA2B15","17044","17208","17212"
"sniperdart","data/bundles/utility/empty_blockmap.smh","2B365C4D","17738","17902","17906"
"immobilizeskunkbombextender","data/bundles/utility/empty_blockmap.smh","316C1E5E","19473","19637","19641"
"trapfuzzlejump","data/bundles/utility/empty_blockmap.smh","4883CEE4","24673","24837","24841"
"damagedynamiteextenderloader","data/bundles/utility/empty_blockmap.smh","56F3F96B","29236","29400","29404"
"immobilizebolablast","data/bundles/utility/empty_blockmap.smh","7309C2DC","41087","41251","41255"
"activatehivequeen","data/bundles/utility/empty_blockmap.smh","8372BA80","43515","43679","43683"
"sendtohowlerpunk","data/bundles/utility/empty_blockmap.smh","87B60D14","45992","46156","46160"
"damagearmadilloloader","data/bundles/utility/empty_blockmap.smh","9908C9FE","53388","53552","53556"
"damagestingbee","data/bundles/utility/empty_blockmap.smh","9D2CD827","56203","56367","56371"
"immobilizespiderbolaextendersmall","data/bundles/utility/empty_blockmap.smh","A80AE619","60188","60352","60356"
"trapfuzzlerabid","data/bundles/utility/empty_blockmap.smh","A8DE80EE","60851","61015","61019"
"damagebeegun","data/bundles/utility/empty_blockmap.smh","ADF7DEE1","62577","62741","62745"
"sendtochipmunkextender","data/bundles/utility/empty_blockmap.smh","B370E9CA","65444","65608","65612"
"damageriotslug","data/bundles/utility/empty_blockmap.smh","C4840A58","71819","71983","71987"
"damagearmadilloloaderextender","data/bundles/utility/empty_blockmap.smh","E27EE3FE","81399","81563","81567"
"trapfuzzleloaderextender","data/bundles/utility/empty_blockmap.smh","E29179A6","82058","82222","82226"
"damagedynamiteextender","data/bundles/utility/empty_blockmap.smh","E675A21B","82863","83027","83031"
"damagebeegunextendersmall","data/bundles/utility/empty_blockmap.smh","F06F5DBA","88283","88447","88451"
"immobilizespiderbola","data/global/global_prefs.smb","02A2FB34","1729","1893","1897"
"sendtochipmunk","data/global/global_prefs.smb","3E3C2685","24267","24431","24435"
"trapfuzzle","data/global/global_prefs.smb","67F5D230","37484","37648","37652"
"damagearmadillo","data/global/global_prefs.smb","7AE0C662","42853","43017","43021"
"immobilizeskunkbomb","data/global/global_prefs.smb","8977B284","48574","48738","48742"
