Internal,Display,Kind,Note
region_00,Tutorial,region,
region_01,Gizzard Gulch,region,
region_02,Buzzarton,region,
region_02a,Buzzarton Outskirts,region,
region_03,Mongo Valley,region,
region_04,Wolvark Docks,region,
region_05,Last Legs,region,
region_06,Sekto Springs Dam,region,
utility,Debug Room,region,
AT3_kc5,,character,
ArmadilloWeapon,,character,
BeeGunWeapon,,character,
FuzzleAttack,,character,
FuzzleWeapon,,character,
GiantSleg,Giant Sleg,character,
HiveQueenWeapon,,character,
OutlawBoss_FattyMcBoomBoom,Fatty McBoomBoom,character,
SendToBow,,character,
SkunkWeapon,,character,
SpiderWeapon,,character,
SquirrelWeapon,,character,
castaraider,Castaraider,character,
gloktigi,,character,
lootenDuke,Looten Duke,character,
mcGrawTiny,Meagly McGraw & Tiny,character,
meagly,,character,
native,Grubb,character,
nativeFemale,Grubb (female),character,
nativeRebelhurt,,character,
outlawBomber,Outlaw Suicide Bomber,character,
outlawBoss_BadMortar,Packrat Palooka,character,
outlawBoss_FilthyHandsFloyd,Filthy Hands Floyd,character,
outlawCutter,Outlaw Cutter,character,
outlawMortar,Outlaw Mortar,character,
outlawNailer,Outlaw Nailer,character,
outlawPyro,Outlaw Flamethrower,character,
outlawShooter,Outlaw Shooter,character,
outlawSniper,Outlaw Sniper,character,
outlawboss_MovieBoss,Boilz Booty,character,
outlawboss_SplosivesMcgree,Splosives McGee,character,
outlawboss_elboze,Elboze Freely,character,
outlawboss_joMomma,Jo Momma,character,
sekto,,character,
sektoMachine,Sekto's Machine,character,
shocktank,Shock Tank,character,
slog,Slog,character,
steef,,character,
sulphurBatWeapon,,character,
townsfolk,Townsfolk,character,
townsfolkFemale,Townsfolk (female),character,
vykkerDoc,Vykker Doc,character,
wolvarkGrenadier,Wolvark Grenadier,character,
wolvarkShooter,Wolvark Shooter,character,
wolvarkSloghandler,Wolvark Sloghandler,character,
wolvarkSniper,Wolvark Sniper,character,
