Key,Zone,Bundle
EE55DBAC,11,lm_level_03_tgl.smb
EEB07FD5,11,lm_level_03_tgl.smb
B04C6475,11,lm_level_03_tgl.smb
556324DC,11,lm_level_03_tgl.smb
0D0F920D,11,lm_level_03_tgl.smb
1AD76960,11,lm_level_03_tgl.smb
22B2B789,11,lm_level_03_tgl.smb
26BC997E,11,lm_level_03_tgl.smb
29572111,11,lm_level_03_tgl.smb
2D518203,11,lm_level_03_tgl.smb
311F91C0,11,lm_level_03_tgl.smb
32CE63E2,11,lm_level_03_tgl.smb
345211A9,11,lm_level_03_tgl.smb
4284B204,11,lm_level_03_tgl.smb
49394069,11,lm_level_03_tgl.smb
4ED197A5,11,lm_level_03_tgl.smb
649F801A,11,lm_level_03_tgl.smb
6891D325,11,lm_level_03_tgl.smb
6C920DB6,11,lm_level_03_tgl.smb
7594E39D,11,lm_level_03_tgl.smb
8EB629D8,11,lm_level_03_tgl.smb
95C932CF,11,lm_level_03_tgl.smb
9873F354,11,lm_level_03_tgl.smb
9D331A67,11,lm_level_03_tgl.smb
9F1C0E5F,11,lm_level_03_tgl.smb
A06F1774,11,lm_level_03_tgl.smb
A3CD0080,11,lm_level_03_tgl.smb
AFC353BF,11,lm_level_03_tgl.smb
BEC83038,11,lm_level_03_tgl.smb
CC4C472D,11,lm_level_03_tgl.smb
D801D6E2,11,lm_level_03_tgl.smb
E20BF2B4,11,lm_level_03_tgl.smb
E306D236,11,lm_level_03_tgl.smb
F5004826,11,lm_level_03_tgl.smb
F6CB2D78,11,lm_level_03_tgl.smb
FF0EC20C,11,lm_level_03_tgl.smb
12A7683B,11,lm_level_03_tgl.smb
28329ED2,11,lm_level_03_tgl.smb
2FB0918B,11,lm_level_03_tgl.smb
43F06FF6,11,lm_level_03_tgl.smb
8D0CFB80,11,lm_level_03_tgl.smb
939B8B0A,11,lm_level_03_tgl.smb
A3A31899,11,lm_level_03_tgl.smb
AD81F89B,11,lm_level_03_tgl.smb
C03F7D6B,11,lm_level_03_tgl.smb
EBBD9DE0,11,lm_level_03_tgl.smb
